Year,State,Crime against Children(Minor),victims_06(Boys),victims_06(Girls),victims_06(Total),victims_06 to 12(Boys),victims_06 to 12(Girls),victims_06 to 12(Total),victims_12 to 16(Boys),victims_12 to 16(Girls),victims_12 to 16(Total),victims_16 to 18(Boys),victims_16 to 18(Girls),victims_16 to 18(Total), total chils victims(Boys),total child victims(Girls),total child victiims(Total),Crime Committed by Juveniles,Illiterate,Upto Primary,Above Primary to Matric,Above Matric to High Secondary,Above Higher Secondary,Total_education,Living with Parents,Living with Guardians,Home-less,Total_Family background
2023,Andhra Pradesh,2844,0,10,10,2,61,63,1,316,317,0,471,471,3,858,861,662,168,276,329,108,20,901,757,45,99,901
2023,Arunachal Pradesh,176,0,2,2,0,8,8,1,22,23,0,10,10,1,42,43,17,0,8,15,0,11,34,32,2,0,34
2023,Assam,10174,0,14,14,0,140,140,6,771,777,0,898,898,6,1823,1829,140,29,46,38,33,0,146,124,13,9,146
2023,Bihar,9906,0,6,6,0,91,91,0,329,329,0,499,499,0,925,925,1818,248,489,1104,573,43,2457,1869,397,191,2457
2023,Chhattisgarh,5904,0,28,28,0,93,93,0,561,561,0,823,823,0,1505,1505,1718,116,533,1116,357,39,2161,1913,173,75,2161
2023,Goa,196,0,0,0,0,0,0,0,0,0,0,0,0,0,0,0,22,2,7,28,6,0,43,39,2,2,43
2023,Gujarat,5083,0,13,13,0,87,87,0,1005,1005,0,1196,1196,0,2301,2301,1709,98,655,894,293,59,1999,1990,7,2,1999
2023,Haryana,6401,4,32,36,33,82,115,29,573,602,6,690,696,72,1377,1449,1574,168,501,984,289,44,1986,1420,104,462,1986
2023,Himachal Pradesh,704,0,0,0,1,0,1,0,0,0,0,0,0,1,0,1,174,9,35,151,49,0,244,225,19,0,244
2023,Jharkhand,1626,0,0,0,0,35,35,0,151,151,0,471,471,0,657,657,184,0,3,133,33,21,190,183,2,5,190
2023,Karnataka,8929,0,13,13,2,91,93,0,973,973,0,2038,2038,2,3115,3117,883,16,227,595,223,11,1072,1022,29,21,1072
2023,Kerala,5903,6,57,63,21,210,231,38,659,697,18,799,817,83,1725,1808,521,0,45,304,361,79,789,730,33,26,789
2023,Madhya Pradesh,22393,0,62,62,0,246,246,2,1565,1567,15,2003,2018,17,3876,3893,3619,447,952,1729,694,508,4330,3556,533,241,4330
2023,Maharashtra,22390,4,86,90,1,239,240,0,1514,1514,1,2827,2828,6,4666,4672,3970,117,803,3205,1000,155,5280,4935,344,1,5280
2023,Manipur,85,0,3,3,0,8,8,0,29,29,0,5,5,0,45,45,12,0,0,25,0,0,25,25,0,0,25
2023,Meghalaya,512,0,15,15,10,111,121,14,153,167,0,52,52,24,331,355,80,12,19,46,8,3,88,76,3,9,88
2023,Mizoram,146,0,4,4,1,25,26,1,35,36,1,9,10,3,73,76,16,5,6,8,0,0,19,16,2,1,19
2023,Nagaland,26,0,1,1,0,0,0,1,5,6,0,0,0,1,6,7,10,2,4,3,1,0,10,4,5,1,10
2023,Odisha,8577,0,0,0,0,0,0,0,756,756,0,875,875,0,1631,1631,1507,38,672,725,72,0,1507,1351,143,13,1507
2023,Punjab,2462,0,13,13,0,54,54,0,258,258,0,315,315,0,640,640,509,67,135,242,238,1,683,662,18,3,683
2023,Rajasthan,10577,0,11,11,2,94,96,0,576,576,0,1185,1185,2,1866,1868,2596,237,886,1735,765,275,3898,3527,214,157,3898
2023,Sikkim,139,0,3,3,0,9,9,0,35,35,0,19,19,0,66,66,13,0,3,11,1,0,15,10,4,1,15
2023,Tamil Nadu,6968,3,67,70,27,214,241,30,1376,1406,14,1734,1748,74,3391,3465,2999,121,451,2156,842,241,3811,3314,426,71,3811
2023,Telangana,6113,0,30,30,1,108,109,0,554,554,1,1066,1067,2,1758,1760,1151,143,265,568,330,161,1467,1290,60,117,1467
2023,Tripura,255,0,7,7,1,22,23,0,37,37,0,19,19,1,85,86,28,0,9,24,0,0,33,33,0,0,33
2023,Uttar Pradesh,18852,6,81,87,23,454,477,18,1548,1566,36,1689,1725,83,3772,3855,1575,161,359,546,622,134,1822,1312,309,201,1822
2023,Uttarakhand,1710,0,13,13,3,85,88,6,276,282,2,261,263,11,635,646,157,19,48,81,13,7,168,132,12,24,168
2023,West Bengal,8853,4,106,110,11,373,384,8,627,635,1,693,694,24,1799,1823,788,35,147,584,159,0,925,744,88,93,925
2023,A&N Islands,161,0,0,0,1,4,5,0,15,15,0,57,57,1,76,77,21,1,1,15,8,0,25,22,2,1,25
2023,Chandigarh,294,0,0,0,0,0,0,0,0,0,0,0,0,0,0,0,119,1,36,105,37,4,183,181,1,1,183
2023,Daman & Diu,0,0,0,0,0,0,0,0,0,0,0,0,0,0,0,0,0,0,0,0,0,0,0,0,0,0,0
2023,D&N Haveli,123,0,4,4,0,3,3,0,20,20,1,23,24,1,50,51,39,0,10,53,0,0,63,62,0,1,63
2023,Delhi,7769,1,52,53,1,118,119,0,439,439,1,445,446,3,1054,1057,2278,381,995,1432,246,44,3098,2640,334,124,3098
2023,Jammu & Kashmir,910,0,1,1,0,18,18,0,94,94,0,102,102,0,215,215,358,16,53,248,88,15,420,408,4,8,420
2023,Ladakh,7,0,0,0,0,3,3,0,0,0,0,0,0,0,3,3,0,0,0,0,0,0,0,0,0,0,0
2023,Lakshadweep,11,0,0,0,0,0,0,1,1,2,0,0,0,1,1,2,0,0,0,0,0,0,0,0,0,0,0
2023,Puducherry,156,0,0,0,0,2,2,1,14,15,0,40,40,1,56,57,98,10,42,77,15,0,144,144,0,0,144
2022,Andhra Pradesh,3308,1,29,30,0,149,149,0,457,457,0,569,569,1,1204,1205,912,151,288,511,222,48,1220,956,109,155,1220
2022,Arunachal Pradesh,143,0,0,0,0,2,2,0,22,22,0,4,4,0,28,28,15,0,7,14,8,4,33,29,4,0,33
2022,Assam,4084,0,18,18,0,171,171,0,548,548,0,570,570,0,1307,1307,246,30,61,125,44,0,260,194,62,4,260
2022,Bihar,8122,0,4,4,0,32,32,0,314,314,0,399,399,0,749,749,1052,184,458,511,249,42,1444,1103,226,115,1444
2022,Chhattisgarh,6177,0,12,12,0,88,88,0,722,722,0,993,993,0,1815,1815,2356,96,780,1649,396,34,2955,2510,294,151,2955
2022,Goa,184,0,0,0,0,0,0,1,0,1,0,0,0,1,0,1,25,0,5,20,4,1,30,25,1,4,30
2022,Gujarat,4964,0,23,23,0,74,74,3,912,915,1,1127,1128,4,2136,2140,1558,68,510,939,249,8,1774,1757,15,2,1774
2022,Haryana,6138,7,52,59,21,111,132,26,512,538,14,597,611,68,1272,1340,1164,141,332,799,284,13,1569,1292,127,150,1569
2022,Himachal Pradesh,740,0,0,0,0,0,0,0,0,0,0,0,0,0,0,0,163,3,31,134,40,1,209,197,12,0,209
2022,Jharkhand,1917,0,13,13,0,17,17,0,220,220,0,320,320,0,570,570,123,0,27,97,15,7,146,144,2,0,146
2022,Karnataka,7988,0,19,19,2,93,95,2,903,905,1,1306,1307,5,2321,2326,558,34,187,371,89,29,710,640,29,41,710
2022,Kerala,5640,0,36,36,21,181,202,78,686,764,16,828,844,115,1731,1846,443,0,34,274,287,18,613,569,36,8,613
2022,Madhya Pradesh,20415,0,70,70,3,192,195,2,1530,1532,0,1861,1861,5,3653,3658,3795,302,1089,1868,813,222,4294,3375,721,198,4294
2022,Maharashtra,20762,0,97,97,0,293,293,0,1676,1676,2,2192,2194,2,4258,4260,4406,225,1008,3173,1270,43,5719,5316,400,3,5719
2022,Manipur,120,0,1,1,0,11,11,1,18,19,0,14,14,1,44,45,9,20,4,6,3,0,33,33,0,0,33
2022,Meghalaya,496,2,19,21,5,54,59,0,107,107,0,112,112,7,292,299,68,4,28,40,7,4,83,82,1,0,83
2022,Mizoram,135,0,11,11,1,26,27,0,19,19,0,8,8,1,64,65,48,0,10,37,5,0,52,35,5,12,52
2022,Nagaland,35,0,0,0,1,6,7,0,13,13,0,2,2,1,21,22,5,2,0,2,1,0,5,2,2,1,5
2022,Odisha,8240,0,3,3,0,1,1,0,44,44,0,1672,1672,0,1720,1720,1163,6,81,106,1032,65,1290,1262,0,28,1290
2022,Punjab,2494,0,15,15,0,48,48,0,272,272,0,295,295,0,630,630,452,57,129,283,89,0,558,538,8,12,558
2022,Rajasthan,9370,0,9,9,0,107,107,0,557,557,0,1021,1021,0,1694,1694,3063,454,824,1569,857,218,3922,3453,372,97,3922
2022,Sikkim,159,0,4,4,0,8,8,0,44,44,0,18,18,0,74,74,7,0,0,8,1,0,9,9,0,0,9
2022,Tamil Nadu,6580,7,61,68,14,217,231,22,1353,1375,12,1990,2002,55,3621,3676,2607,164,482,1782,769,90,3287,2955,186,146,3287
2022,Telangana,5657,0,18,18,0,141,141,0,631,631,0,964,964,0,1754,1754,1096,125,207,537,241,123,1233,1019,51,163,1233
2022,Tripura,220,0,5,5,0,15,15,0,41,41,0,17,17,0,78,78,33,0,13,28,0,0,41,41,0,0,41
2022,Uttar Pradesh,18682,19,145,164,28,576,604,44,1430,1474,13,1199,1212,104,3350,3454,1505,122,288,747,461,56,1674,1047,352,275,1674
2022,Uttarakhand,1706,0,2,2,4,18,22,5,332,337,0,287,287,9,639,648,151,6,33,81,50,0,170,91,62,17,170
2022,West Bengal,8950,1,109,110,15,345,360,12,663,675,0,554,554,28,1671,1699,577,5,101,461,80,2,649,558,57,34,649
2022,A&N Islands,146,0,6,6,1,1,2,0,30,30,0,44,44,1,81,82,24,0,4,16,7,1,28,24,4,0,28
2022,Chandigarh,224,0,0,0,0,0,0,1,0,1,0,0,0,1,0,1,80,5,32,70,9,0,116,113,3,0,116
2022,Daman & Diu,0,0,0,0,0,0,0,0,0,0,0,0,0,0,0,0,0,0,0,0,0,0,0,0,0,0,0
2022,D&N Haveli,107,0,3,3,0,1,1,0,10,10,0,29,29,0,43,43,44,0,4,53,2,0,59,59,0,0,59
2022,Delhi,7468,0,19,19,0,83,83,1,379,380,1,418,419,2,899,901,2340,392,1032,1267,279,32,3002,2448,324,230,3002
2022,Jammu & Kashmir,920,0,1,1,1,39,40,0,139,139,0,60,60,1,239,240,361,33,61,305,56,1,456,444,10,2,456
2022,Ladakh,8,0,0,0,0,0,0,0,0,0,0,0,0,0,0,0,0,0,0,0,0,0,0,0,0,0,0
2022,Lakshadweep,11,0,0,0,0,0,0,0,1,1,0,4,4,0,5,5,0,0,0,0,0,0,0,0,0,0,0
2022,Puducherry,139,0,2,2,1,0,1,1,16,17,0,49,49,2,67,69,106,53,41,43,0,0,137,110,27,0,137
2021,Andhra Pradesh,2669,0,7,7,0,28,28,0,131,131,0,125,125,0,291,291,934,122,240,424,105,9,900,722,65,113,900
2021,Arunachal Pradesh,162,0,3,3,0,6,6,0,7,7,0,0,0,0,16,16,8,0,2,23,8,0,33,25,8,0,33
2021,Assam,5282,0,33,33,1,322,323,0,469,469,0,493,493,1,1317,1318,206,41,100,98,15,0,254,226,14,14,254
2021,Bihar,6894,0,2,2,0,106,106,0,301,301,0,245,245,0,654,654,732,218,213,311,93,34,869,654,147,68,869
2021,Chhattisgarh,6001,0,19,19,0,82,82,0,674,674,0,1033,1033,0,1808,1808,2004,159,830,1346,203,15,2553,2157,284,112,2553
2021,Goa,151,0,0,0,0,0,0,0,0,0,0,0,0,0,0,0,9,0,10,15,3,1,29,27,1,1,29
2021,Gujarat,4515,0,9,9,0,73,73,0,948,948,1,1039,1040,1,2069,2070,1804,86,933,924,197,31,2171,2099,25,47,2171
2021,Haryana,5700,6,38,44,31,107,138,16,591,607,8,499,507,61,1235,1296,1172,127,322,614,159,49,1271,1013,130,128,1271
2021,Himachal Pradesh,740,0,0,0,0,0,0,0,0,0,0,0,0,0,0,0,187,2,55,149,39,0,245,242,3,0,245
2021,Jharkhand,1867,0,6,6,0,17,17,0,132,132,2,414,416,2,569,571,51,0,31,13,15,0,59,59,0,0,59
2021,Karnataka,7261,1,22,23,2,85,87,1,971,972,0,1015,1015,4,2093,2097,527,12,98,332,86,3,531,497,18,16,531
2021,Kerala,4536,0,48,48,21,147,168,20,573,593,33,816,849,74,1584,1658,328,0,20,224,166,24,434,402,20,12,434
2021,Madhya Pradesh,19173,0,40,40,3,181,184,0,1552,1552,0,1749,1749,3,3522,3525,5684,465,1808,2463,611,150,5497,3520,1166,811,5497
2021,Maharashtra,17261,0,94,94,0,318,318,0,1452,1452,0,1616,1616,0,3480,3480,4554,179,1120,2774,936,71,5080,4307,686,87,5080
2021,Manipur,143,0,4,4,0,11,11,0,53,53,1,11,12,1,79,80,11,5,8,13,2,0,28,26,2,0,28
2021,Meghalaya,481,0,10,10,0,55,55,0,136,136,0,92,92,0,293,293,60,4,22,46,0,0,72,69,3,0,72
2021,Mizoram,122,2,8,10,0,14,14,0,32,32,0,11,11,2,65,67,33,7,3,12,0,0,22,22,0,0,22
2021,Nagaland,51,0,3,3,0,6,6,0,14,14,0,2,2,0,25,25,7,0,2,7,2,0,11,5,3,3,11
2021,Odisha,7899,0,1,1,0,6,6,0,136,136,0,1728,1728,0,1871,1871,1334,11,262,1009,78,0,1360,1279,53,28,1360
2021,Punjab,2556,0,10,10,0,47,47,0,234,234,0,310,310,0,601,601,311,23,64,193,40,12,332,296,14,22,332
2021,Rajasthan,7653,1,0,1,0,0,0,0,0,0,0,0,0,1,0,1,2757,178,666,1261,605,220,2930,2618,252,60,2930
2021,Sikkim,149,0,10,10,1,15,16,0,34,34,0,18,18,1,77,78,7,0,2,10,1,0,13,13,0,0,13
2021,Tamil Nadu,6064,2,50,52,16,226,242,11,1389,1400,5,1770,1775,34,3435,3469,2212,60,712,2339,487,245,3843,3588,170,85,3843
2021,Telangana,5667,0,18,18,1,158,159,0,918,918,0,741,741,1,1835,1836,1152,174,233,422,355,82,1266,1120,56,90,1266
2021,Tripura,236,0,8,8,0,14,14,0,52,52,0,19,19,0,93,93,16,1,6,18,4,0,29,18,1,10,29
2021,Uttar Pradesh,16838,9,73,82,48,608,656,20,1062,1082,19,1006,1025,96,2749,2845,1330,144,293,575,382,64,1458,1081,208,169,1458
2021,Uttarakhand,1245,0,19,19,2,51,53,6,192,198,0,331,331,8,593,601,60,20,13,28,17,7,85,40,36,9,85
2021,West Bengal,9523,4,88,92,12,342,354,6,621,627,0,534,534,22,1585,1607,551,49,111,401,62,7,630,440,79,111,630
2021,A&N Islands,124,0,1,1,0,6,6,0,20,20,0,65,65,0,92,92,11,5,5,12,3,0,25,24,1,0,25
2021,Chandigarh,234,0,0,0,0,0,0,0,0,0,0,0,0,0,0,0,54,2,12,58,6,0,78,68,6,4,78
2021,Daman & Diu,0,0,0,0,0,0,0,0,0,0,0,0,0,0,0,0,0,0,0,0,0,0,0,0,0,0,0
2021,D&N Haveli,104,0,0,0,0,1,1,0,18,18,0,28,28,0,47,47,18,0,3,26,0,0,29,27,2,0,29
2021,Delhi,7118,0,22,22,1,97,98,3,341,344,0,381,381,4,841,845,2643,406,995,1265,238,36,2940,2396,289,255,2940
2021,Jammu & Kashmir,845,0,2,2,0,24,24,0,112,112,0,71,71,0,209,209,323,11,45,87,48,24,215,199,0,16,215
2021,Ladakh,1,0,0,0,0,0,0,0,0,0,0,0,0,0,0,0,0,0,0,0,0,0,0,0,0,0,0
2021,Lakshadweep,17,0,0,0,0,0,0,0,1,1,0,1,1,0,2,2,0,0,0,2,0,0,2,2,0,0,2
2021,Puducherry,122,0,2,2,1,4,5,0,7,7,0,43,43,1,56,57,80,41,13,0,0,4,58,4,0,54,58
2020,Andhra Pradesh,2648,0,3,3,1,19,20,1,48,49,0,204,204,2,274,276,900,122,240,424,105,9,900,722,65,113,900
2020,Arunachal Pradesh,113,0,0,0,0,1,1,0,3,3,1,12,13,1,16,17,33,0,2,23,8,0,33,25,8,0,33
2020,Assam,4622,0,10,10,0,91,91,0,468,468,0,509,509,0,1078,1078,254,41,100,98,15,0,254,226,14,14,254
2020,Bihar,6591,0,12,12,0,59,59,0,287,287,0,270,270,0,628,628,869,218,213,311,93,34,869,654,147,68,869
2020,Chhattisgarh,5056,0,34,34,0,85,85,1,574,575,0,848,848,1,1541,1542,2553,159,830,1346,203,15,2553,2157,284,112,2553
2020,Goa,125,0,0,0,0,0,0,0,0,0,0,0,0,0,0,0,29,0,10,15,3,1,29,27,1,1,29
2020,Gujarat,4075,0,14,14,0,63,63,0,832,832,0,972,972,0,1881,1881,2171,86,933,924,197,31,2171,2099,25,47,2171
2020,Haryana,4338,5,33,38,29,93,122,27,473,500,8,435,443,69,1034,1103,1271,127,322,614,159,49,1271,1013,130,128,1271
2020,Himachal Pradesh,636,0,0,0,0,0,0,0,0,0,0,0,0,0,0,0,245,2,55,149,39,0,245,242,3,0,245
2020,Jharkhand,1795,0,0,0,0,21,21,0,195,195,2,466,468,2,682,684,59,0,31,13,15,0,59,59,0,0,59
2020,Karnataka,5471,0,24,24,0,82,82,3,653,656,0,888,888,3,1647,1650,531,12,98,332,86,3,531,497,18,16,531
2020,Kerala,3941,1,40,41,11,133,144,11,363,374,7,723,730,30,1259,1289,434,0,20,224,166,24,434,402,20,12,434
2020,Madhya Pradesh,17008,0,55,55,0,203,203,0,1394,1394,0,1610,1610,0,3262,3262,5497,465,1808,2463,611,150,5497,3520,1166,811,5497
2020,Maharashtra,14371,0,82,82,0,254,254,0,1066,1066,0,1398,1398,0,2800,2800,5080,179,1120,2774,936,71,5080,4307,686,87,5080
2020,Manipur,125,0,0,0,0,15,15,0,19,19,0,22,22,0,56,56,28,5,8,13,2,0,28,26,2,0,28
2020,Meghalaya,415,0,18,18,6,41,47,2,107,109,0,85,85,8,251,259,72,4,22,46,0,0,72,69,3,0,72
2020,Mizoram,142,1,9,10,4,17,21,1,20,21,0,12,12,6,58,64,22,7,3,12,0,0,22,22,0,0,22
2020,Nagaland,31,0,2,2,0,2,2,2,5,7,0,5,5,2,14,16,11,0,2,7,2,0,11,5,3,3,11
2020,Odisha,6330,0,2,2,0,22,22,0,404,404,0,1201,1201,0,1629,1629,1360,11,262,1009,78,0,1360,1279,53,28,1360
2020,Punjab,2121,0,20,20,0,69,69,0,225,225,0,240,240,0,554,554,332,23,64,193,40,12,332,296,14,22,332
2020,Rajasthan,6580,0,0,0,0,0,0,0,1,1,1,0,1,1,1,2,2930,178,666,1261,605,220,2930,2618,252,60,2930
2020,Sikkim,147,0,6,6,0,12,12,0,46,46,0,8,8,0,72,72,13,0,2,10,1,0,13,13,0,0,13
2020,Tamil Nadu,4338,2,66,68,16,173,189,7,718,725,2,1270,1272,27,2227,2254,3843,60,712,2339,487,245,3843,3588,170,85,3843
2020,Telangana,4200,0,18,18,0,138,138,0,647,647,0,626,626,0,1429,1429,1266,174,233,422,355,82,1266,1120,56,90,1266
2020,Tripura,260,0,0,0,0,18,18,0,53,53,0,16,16,0,87,87,29,1,6,18,4,0,29,18,1,10,29
2020,Uttar Pradesh,15271,8,69,77,67,426,493,20,1108,1128,2,930,932,97,2533,2630,1458,144,293,575,382,64,1458,1081,208,169,1458
2020,Uttarakhand,1066,0,0,0,0,15,15,0,105,105,0,276,276,0,396,396,85,20,13,28,17,7,85,40,36,9,85
2020,West Bengal,10248,1,76,77,10,236,246,5,665,670,3,609,612,19,1586,1605,630,49,111,401,62,7,630,440,79,111,630
2020,A&N Islands,141,0,2,2,1,5,6,0,25,25,0,72,72,1,104,105,25,5,5,12,3,0,25,24,1,0,25
2020,Chandigarh,209,0,0,0,0,0,0,0,0,0,0,0,0,0,0,0,78,2,12,58,6,0,78,68,6,4,78
2020,Daman & Diu,0,0,0,0,0,0,0,0,0,0,0,0,0,0,0,0,0,0,0,0,0,0,0,0,0,0,0
2020,D&N Haveli,67,0,1,1,0,2,2,0,21,21,0,15,15,0,39,39,29,0,3,26,0,0,29,27,2,0,29
2020,Delhi,5362,0,24,24,0,77,77,0,314,314,0,306,306,0,721,721,2940,406,995,1265,238,36,2940,2396,289,255,2940
2020,Jammu & Kashmir,606,0,2,2,0,23,23,0,109,109,0,18,18,0,152,152,215,11,45,87,48,24,215,199,0,16,215
2020,Ladakh,2,0,0,0,0,0,0,0,0,0,0,0,0,0,0,0,0,0,0,0,0,0,0,0,0,0,0
2020,Lakshadweep,9,0,0,0,0,0,0,0,1,1,0,2,2,0,3,3,2,0,0,2,0,0,2,2,0,0,2
2020,Puducherry,71,0,0,0,0,0,0,0,0,0,0,44,44,0,44,44,58,41,13,0,0,4,58,4,0,54,58
2019,Andhra Pradesh,2524,0,3,3,1,19,20,1,48,49,0,204,204,2,274,276,820,149,454,342,104,23,1072,897,53,122,1072
2019,Arunachal Pradesh,153,0,0,0,0,1,1,0,3,3,1,12,13,1,16,17,24,0,9,27,3,0,39,25,12,2,39
2019,Assam,6608,0,10,10,0,91,91,0,468,468,0,509,509,0,1078,1078,129,13,30,91,2,0,136,125,11,0,136
2019,Bihar,9320,0,12,12,0,59,59,0,287,287,0,270,270,0,628,628,1560,385,390,518,279,48,1620,937,454,229,1620
2019,Chhattisgarh,5665,0,34,34,0,85,85,1,574,575,0,848,848,1,1541,1542,1647,130,779,817,262,43,2031,1577,243,211,2031
2019,Goa,167,0,0,0,0,0,0,0,0,0,0,0,0,0,0,0,27,1,9,19,4,0,33,32,0,1,33
2019,Gujarat,4685,0,14,14,0,63,63,0,832,832,0,972,972,0,1881,1881,2025,124,1108,964,176,12,2384,2326,34,24,2384
2019,Haryana,5119,5,33,38,29,93,122,27,473,500,8,435,443,69,1034,1103,1319,256,446,601,249,44,1596,1301,171,124,1596
2019,Himachal Pradesh,748,0,0,0,0,0,0,0,0,0,0,0,0,0,0,0,181,5,59,123,36,3,226,214,11,1,226
2019,Jharkhand,1674,0,0,0,0,21,21,0,195,195,2,466,468,2,682,684,76,0,20,57,0,0,77,72,5,0,77
2019,Karnataka,6305,0,24,24,0,82,82,3,653,656,0,888,888,3,1647,1650,453,27,163,313,65,18,586,473,27,86,586
2019,Kerala,4754,1,40,41,11,133,144,11,363,374,7,723,730,30,1259,1289,451,0,36,302,267,73,678,577,88,13,678
2019,Madhya Pradesh,19028,0,55,55,0,203,203,0,1394,1394,0,1610,1610,0,3262,3262,5522,774,1877,2565,756,214,6186,4816,1022,348,6186
2019,Maharashtra,19592,0,82,82,0,254,254,0,1066,1066,0,1398,1398,0,2800,2800,5189,283,1514,3360,1125,172,6454,5834,416,204,6454
2019,Manipur,148,0,0,0,0,15,15,0,19,19,0,22,22,0,56,56,2,0,0,6,2,0,8,8,0,0,8
2019,Meghalaya,379,0,18,18,6,41,47,2,107,109,0,85,85,8,251,259,75,7,40,41,1,0,89,87,1,1,89
2019,Mizoram,125,1,9,10,4,17,21,1,20,21,0,12,12,6,58,64,23,6,13,4,2,0,25,22,3,0,25
2019,Nagaland,59,0,2,2,0,2,2,2,5,7,0,5,5,2,14,16,6,2,3,1,0,0,6,4,2,0,6
2019,Odisha,7012,0,2,2,0,22,22,0,404,404,0,1201,1201,0,1629,1629,1162,126,411,848,27,0,1412,1299,2,111,1412
2019,Punjab,2625,0,20,20,0,69,69,0,225,225,0,240,240,0,554,554,246,21,67,150,47,8,293,267,12,14,293
2019,Rajasthan,7385,0,0,0,0,0,0,0,1,1,1,0,1,1,1,2,2397,181,751,1267,638,185,3022,2581,372,69,3022
2019,Sikkim,163,0,6,6,0,12,12,0,46,46,0,8,8,0,72,72,4,0,0,4,0,0,4,4,0,0,4
2019,Tamil Nadu,4139,2,66,68,16,173,189,7,718,725,2,1270,1272,27,2227,2254,2686,97,658,1812,636,101,3304,2899,302,103,3304
2019,Telangana,4212,0,18,18,0,138,138,0,647,647,0,626,626,0,1429,1429,1352,266,140,488,663,29,1586,1274,87,225,1586
2019,Tripura,311,0,0,0,0,18,18,0,53,53,0,16,16,0,87,87,39,0,27,21,0,0,48,48,0,0,48
2019,Uttar Pradesh,18943,8,69,77,67,426,493,20,1108,1128,2,930,932,97,2533,2630,976,139,209,458,282,41,1129,923,74,132,1129
2019,Uttarakhand,1214,0,0,0,0,15,15,0,105,105,0,276,276,0,396,396,94,18,30,29,13,11,101,40,17,44,101
2019,West Bengal,6191,1,76,77,10,236,246,5,665,670,3,609,612,19,1586,1605,537,41,169,320,60,1,591,447,70,74,591
2019,A&N Islands,153,0,2,2,1,5,6,0,25,25,0,72,72,1,104,105,19,1,9,10,4,0,24,19,5,0,24
2019,Chandigarh,264,0,0,0,0,0,0,0,0,0,0,0,0,0,0,0,117,0,22,178,5,3,208,191,9,8,208
2019,Daman & Diu,0,0,0,0,0,0,0,0,0,0,0,0,0,0,0,0,0,0,0,0,0,0,0,0,0,0,0
2019,D&N Haveli,96,0,1,1,0,2,2,0,21,21,0,15,15,0,39,39,28,0,4,8,8,0,20,7,13,0,20
2019,Delhi,7783,0,24,24,0,77,77,0,314,314,0,306,306,0,721,721,2783,646,826,1623,152,9,3256,2616,203,437,3256
2019,Jammu & Kashmir,470,0,2,2,0,23,23,0,109,109,0,18,18,0,152,152,299,21,53,255,74,4,407,399,3,5,407
2019,Ladakh,0,0,0,0,0,0,0,0,0,0,0,0,0,0,0,0,-,0,0,0,0,0,0,0,0,0,0
2019,Lakshadweep,26,0,0,0,0,0,0,0,1,1,0,2,2,0,3,3,0,0,0,0,0,0,0,0,0,0,0
2019,Puducherry,50,0,0,0,0,0,0,0,0,0,0,44,44,0,44,44,1,3,8,0,0,4,15,2,0,13,15
2018,Andhra Pradesh,2672,0,12,12,0,28,28,1,108,109,0,97,97,1,245,246,966,155,397,403,139,17,1111,903,75,133,1111
2018,Arunachal Pradesh,166,0,1,1,0,6,6,0,9,9,0,2,2,0,18,18,31,0,13,45,1,3,62,43,10,9,62
2018,Assam,5447,0,37,37,2,254,256,0,465,465,0,477,477,2,1233,1235,150,19,40,84,9,0,152,144,8,0,152
2018,Bihar,7340,0,4,4,0,67,67,0,395,395,0,404,404,0,870,870,671,82,113,177,187,55,614,454,112,48,614
2018,Chhattisgarh,6924,0,40,40,0,86,86,0,581,581,1,515,516,1,1222,1223,1911,148,732,1194,210,40,2324,1993,116,215,2324
2018,Goa,182,0,0,0,0,0,0,0,0,0,0,0,0,0,0,0,20,0,6,19,0,0,25,20,2,3,25
2018,Gujarat,4929,0,23,23,0,50,50,1,598,599,0,819,819,1,1490,1491,2040,113,1062,1048,246,37,2506,2450,49,7,2506
2018,Haryana,4869,6,52,58,20,127,147,21,467,488,2,375,377,49,1021,1070,1178,190,225,557,310,61,1343,1132,159,52,1343
2018,Himachal Pradesh,772,0,1,1,0,2,2,0,6,6,0,13,13,0,22,22,232,10,39,141,89,8,287,283,4,0,287
2018,Jammu & Kashmir,473,0,1,1,9,12,21,0,6,6,0,3,3,9,22,31,285,89,81,139,72,12,393,381,4,8,393
2018,Jharkhand,1479,0,0,0,0,38,38,0,192,192,0,219,219,0,449,449,79,12,17,60,0,0,89,58,17,14,89
2018,Karnataka,6131,1,54,55,4,75,79,1,493,494,0,797,797,6,1419,1425,528,30,207,401,95,11,744,672,46,26,744
2018,Kerala,4253,0,10,10,22,21,43,22,43,65,8,50,58,52,124,176,475,0,25,264,262,104,655,606,32,17,655
2018,Madhya Pradesh,18992,1,25,26,1,70,71,1,447,448,0,506,506,3,1048,1051,5232,754,2055,2323,772,198,6102,4843,904,355,6102
2018,Maharashtra,18892,0,103,103,0,235,235,0,1115,1115,0,1491,1491,0,2944,2944,5880,490,1840,4043,1193,152,7718,6844,522,352,7718
2018,Manipur,128,0,9,9,0,10,10,0,8,8,0,6,6,0,33,33,10,0,1,15,0,0,16,16,0,0,16
2018,Meghalaya,385,1,7,8,1,49,50,1,98,99,0,24,24,3,178,181,71,11,36,39,2,0,88,83,2,3,88
2018,Mizoram,198,0,12,12,1,24,25,3,26,29,2,10,12,6,72,78,31,0,10,27,0,0,37,31,6,0,37
2018,Nagaland,70,0,1,1,0,3,3,0,2,2,0,2,2,0,8,8,10,3,7,10,1,0,21,18,3,0,21
2018,Odisha,5217,0,2,2,0,14,14,0,461,461,0,954,954,0,1431,1431,1078,8,169,799,179,0,1155,1147,0,8,1155
2018,Punjab,2308,0,14,14,0,49,49,0,105,105,0,120,120,0,288,288,236,25,91,136,41,4,297,287,6,4,297
2018,Rajasthan,5150,0,4,4,1,19,20,0,29,29,0,23,23,1,75,76,2068,201,657,1042,553,157,2610,2087,309,214,2610
2018,Sikkim,221,0,6,6,0,12,12,1,44,45,0,17,17,1,79,80,9,0,7,10,1,0,18,18,0,0,18
2018,Tamil Nadu,4155,3,44,47,7,104,111,6,572,578,1,729,730,17,1449,1466,2304,212,789,1157,525,33,2716,2186,420,110,2716
2018,Telangana,3747,0,50,50,0,123,123,0,490,490,0,479,479,0,1142,1142,1408,195,234,725,337,29,1520,1244,71,205,1520
2018,Tripura,271,0,9,9,0,18,18,0,30,30,0,19,19,0,76,76,44,0,27,26,1,0,54,53,1,0,54
2018,Uttar Pradesh,19936,4,50,54,13,258,271,29,685,714,0,1132,1132,46,2125,2171,1048,101,284,369,329,67,1150,859,100,191,1150
2018,Uttarakhand,1306,0,3,3,1,36,37,2,108,110,1,143,144,4,290,294,179,29,73,52,23,12,189,48,62,79,189
2018,West Bengal,6286,0,61,61,10,291,301,3,499,502,0,518,518,13,1369,1382,503,41,169,320,60,1,591,447,70,74,591
2018,A&N Islands,162,1,0,1,0,1,1,0,19,19,0,31,31,1,51,52,25,6,11,14,4,0,35,26,9,0,35
2018,Chandigarh,288,0,0,0,0,0,0,1,0,1,0,0,0,1,0,1,137,8,95,89,21,2,215,196,12,7,215
2018,Daman & Diu,38,0,0,0,0,1,1,0,16,16,0,1,1,0,18,18,12,0,6,12,0,0,18,0,18,0,18
2018,D&N Haveli,34,0,0,0,0,0,0,0,0,0,0,0,0,0,0,0,3,0,2,0,4,0,6,6,0,0,6
2018,Delhi,8246,1,40,41,2,128,130,7,441,448,2,380,382,12,989,1001,2727,678,1095,1261,248,33,3315,2775,283,257,3315
2018,Ladakh,0,0,0,0,0,0,0,0,0,0,0,0,0,0,0,0,0,0,0,0,0,0,0,0,0,0,0
2018,Lakshadweep,8,0,0,0,0,0,0,0,1,1,0,0,0,0,1,1,0,0,0,0,0,0,0,0,0,0,0
2018,Puducherry,89,0,0,0,0,0,0,0,10,10,0,37,37,0,47,47,10,0,51,23,0,6,80,80,0,0,80
2017,Andhra Pradesh,2397,0,3,3,0,22,22,0,63,63,0,121,121,0,209,209,1122,267,395,626,120,33,1441,1139,119,183,1441
2017,Arunachal Pradesh,138,0,0,0,0,6,6,0,4,4,0,1,1,0,11,11,48,4,20,71,3,0,98,78,20,0,98
2017,Assam,4951,0,7,7,0,157,157,0,308,308,0,326,326,0,798,798,192,55,37,83,16,0,191,116,12,63,191
2017,Bihar,5386,0,2,2,0,44,44,0,126,126,0,427,427,0,599,599,1142,163,212,456,333,183,1347,830,347,170,1347
2017,Chhattisgarh,6518,0,49,49,0,89,89,0,413,413,0,552,552,0,1103,1103,1952,188,852,1149,204,24,2417,1979,325,113,2417
2017,Goa,196,0,0,0,0,0,0,0,0,0,0,0,0,0,0,0,24,0,3,20,6,0,29,27,0,2,29
2017,Gujarat,3955,0,16,16,0,41,41,0,403,403,0,777,777,0,1237,1237,2013,120,609,1398,207,29,2363,2290,33,40,2363
2017,Haryana,4169,3,45,48,19,81,100,12,295,307,4,199,203,38,620,658,1030,125,367,489,146,69,1196,1073,37,86,1196
2017,Himachal Pradesh,528,0,0,0,0,0,0,0,2,2,0,0,0,0,2,2,184,10,42,111,45,18,226,201,13,12,226
2017,Jammu & Kashmir,359,0,0,0,0,0,0,0,0,0,0,0,0,0,0,0,187,5,27,143,80,7,262,244,9,9,262
2017,Jharkhand,1247,0,0,0,0,16,16,0,93,93,0,144,144,0,253,253,75,0,0,78,6,0,84,7,0,77,84
2017,Karnataka,5890,0,37,37,2,139,141,2,511,513,0,666,666,4,1353,1357,499,34,139,368,130,20,691,630,31,30,691
2017,Kerala,3562,0,14,14,8,29,37,24,83,107,8,86,94,40,212,252,481,1,54,327,247,53,682,613,51,18,682
2017,Madhya Pradesh,19038,1,20,21,2,119,121,8,389,397,5,422,427,16,950,966,6491,704,2111,2953,1274,124,7166,5513,774,879,7166
2017,Maharashtra,16918,1,109,110,1,264,265,0,861,861,0,1162,1162,2,2396,2398,6026,524,2234,3385,1312,316,7771,6620,593,558,7771
2017,Manipur,109,0,1,1,0,5,5,3,5,8,0,3,3,3,14,17,12,0,0,7,7,0,14,13,0,1,14
2017,Meghalaya,379,0,24,24,0,40,40,0,57,57,0,46,46,0,167,167,93,12,43,36,23,0,114,94,11,9,114
2017,Mizoram,220,2,26,28,3,39,42,1,47,48,0,18,18,6,130,136,21,0,21,1,0,0,22,7,13,2,22
2017,Nagaland,93,0,2,2,0,10,10,0,14,14,0,2,2,0,28,28,12,0,4,18,0,0,22,13,7,2,22
2017,Odisha,3185,0,0,0,0,0,0,0,40,40,0,110,110,0,150,150,1111,483,468,232,49,10,1242,1242,0,0,1242
2017,Punjab,2133,0,14,14,0,50,50,1,159,160,0,152,152,1,375,376,215,35,59,123,47,6,270,247,1,22,270
2017,Rajasthan,5180,0,9,9,1,37,38,1,248,249,0,326,326,2,620,622,2048,244,549,1198,455,246,2692,2232,341,119,2692
2017,Sikkim,190,0,6,6,0,22,22,0,34,34,0,7,7,0,69,69,24,0,13,23,0,0,36,21,14,1,36
2017,Tamil Nadu,3529,4,32,36,5,98,103,7,372,379,3,646,649,19,1148,1167,2376,123,601,1559,519,117,2919,2705,121,93,2919
2017,Telangana,3580,0,21,21,0,84,84,0,378,378,0,540,540,0,1023,1023,1365,193,233,403,361,65,1255,998,98,159,1255
2017,Tripura,276,0,6,6,0,24,24,0,45,45,0,31,31,0,106,106,37,1,21,15,0,0,37,37,0,0,37
2017,Uttar Pradesh,19145,5,72,77,17,298,315,7,707,714,0,515,515,29,1592,1621,825,82,158,282,276,91,889,582,76,231,889
2017,Uttarakhand,829,0,2,2,0,30,30,0,85,85,0,64,64,0,181,181,159,59,48,51,22,2,182,142,22,18,182
2017,West Bengal,6551,0,63,63,6,190,196,3,461,464,0,496,496,9,1210,1219,577,72,173,381,98,9,733,549,113,71,733
2017,A&N Islands,119,0,0,0,3,9,12,0,16,16,0,22,22,3,47,50,16,0,2,19,4,0,25,23,2,0,25
2017,Chandigarh,275,0,0,0,0,0,0,0,0,0,0,0,0,0,0,0,159,10,46,106,2,0,164,116,46,2,164
2017,Daman & Diu,31,0,2,2,0,0,0,0,3,3,0,1,1,0,6,6,11,0,3,6,6,0,15,15,0,0,15
2017,D&N Haveli,24,0,1,1,0,0,0,0,1,1,0,1,1,0,3,3,10,0,2,12,0,0,14,14,0,0,14
2017,Delhi,7852,1,55,56,8,137,145,2,366,368,0,383,383,11,941,952,2965,810,1217,1403,227,9,3666,3147,279,240,3666
2017,Ladakh,0,0,0,0,0,0,0,0,0,0,0,0,0,0,0,0,0,0,0,0,0,0,0,0,0,0,0
2017,Lakshadweep,4,0,0,0,0,2,2,0,1,1,0,0,0,0,3,3,0,0,0,0,0,0,0,0,0,0,0
2017,Puducherry,76,0,1,1,0,7,7,0,13,13,0,20,20,0,41,41,104,0,27,34,35,49,145,137,5,3,145
